neighbourhood,area_km2,stop_count,stops_per_km2
Cloutier Drive,0.8205531217935154,0,0.0
Kil-Cona Park,2.8648757115506123,0,0.0
Trappistes,6.4177523265744325,0,0.0
West Perimeter South,4.801803224898683,0,0.0
La Barriere,14.876204506029824,0,0.0
Maple Grove Park,1.0180898591000456,0,0.0
Griffin,0.605692832476554,0,0.0
Turnbull Drive,1.0963287625996265,0,0.0
Armstrong Point,0.26578120304624686,0,0.0
North Transcona Yards,0.8713734796890904,0,0.0
